cust_id,date_joined,fname,lname,phone,email,password,ship_address,billing_address,country,state,city,street,hno,postal
46036,18-09-2018,James,Butt,8952219491,jbutt@gmail.com,46036,6649 N Blue Gum St,6649 N Blue Gum St,Orleans,LA,New Orleans,N Blue Gum St,6649,70116
41572,13-12-2016,Josephine,Darakjy,9172900854,josephine_darakjy@darakjy.org,41572,4 B Blue Ridge Blvd,4 B Blue Ridge Blvd,Livingston,MI,Brighton,Blue Ridge Blvd,4,48116
59039,26-07-2017,Art,Venere,7737199055,art@venere.org,59039,8 W Cerritos Ave #54,8 W Cerritos Ave #54,Gloucester,NJ,Bridgeport,W Cerritos Ave,8,8014
54531,14-07-2018,Lenna,Paprocki,7530575035,lpaprocki@hotmail.com,54531,639 Main St,639 Main St,Anchorage,AK,Anchorage,Main St,639,99501
60930,26-08-2017,Donette,Foller,9957915831,donette.foller@cox.net,60930,34 Center St,34 Center St,Butler,OH,Hamilton,Center St,34,45011
52219,10-05-2017,Simona,Morasca,9624172963,simona@morasca.com,52219,3 Mcauley Dr,3 Mcauley Dr,Ashland,OH,Ashland,Mcauley Dr,3,44805
72156,25-01-2017,Mitsue,Tollner,7992235471,mitsue_tollner@yahoo.com,72156,7 Eads St,7 Eads St,Cook,IL,Chicago,Eads St,7,60632
53979,06-11-2017,Leota,Dilliard,9435230489,leota@hotmail.com,53979,7 W Jackson Blvd,7 W Jackson Blvd,Santa Clara,CA,San Jose,W Jackson Blvd,7,95111
83390,13-07-2017,Sage,Wieser,7707309894,sage_wieser@cox.net,83390,5 Boston Ave #88,5 Boston Ave #88,Minnehaha,SD,Sioux Falls,Boston Ave ,5,57105
64293,07-02-2016,Kris,Marrier,8338308916,kris@gmail.com,64293,228 Runamuck Pl #2808,228 Runamuck Pl #2808,Baltimore City,MD,Baltimore,Runamuck Pl,228,21224
12747,15-04-2016,Minna,Amigon,8032450450,minna_amigon@yahoo.com,12747,2371 Jerrold Ave,2371 Jerrold Ave,Montgomery,PA,Kulpsville,Jerrold Ave,2371,19443
54057,27-07-2016,Abel,Maclead,9605136947,amaclead@gmail.com,54057,37275 St  Rt 17m M,37275 St  Rt 17m M,Suffolk,NY,Middle Island,St  Rt 17m M,37275,11953
66167,04-10-2016,Kiley,Caldarera,8687902870,kiley.caldarera@aol.com,66167,25 E 75th St #69,25 E 75th St #69,Los Angeles,CA,Los Angeles,E 75th St,25,90034
94096,20-03-2016,Graciela,Ruta,9284557231,gruta@cox.net,94096,98 Connecticut Ave Nw,98 Connecticut Ave Nw,Geauga,OH,Chagrin Falls,Connecticut Ave Nw,98,44023
71232,19-05-2016,Cammy,Albares,7692795973,calbares@gmail.com,71232,56 E Morehead St,56 E Morehead St,Webb,TX,Laredo,E Morehead St,56,78045
64277,05-03-2016,Mattie,Poquette,7622922828,mattie@aol.com,64277,73 State Road 434 E,73 State Road 434 E,Maricopa,AZ,Phoenix,State Road 434 E,73,85013
58561,22-11-2016,Meaghan,Garufi,7847570640,meaghan@hotmail.com,58561,69734 E Carrillo St,69734 E Carrillo St,Warren,TN,Mc Minnville,E Carrillo St,69734,37110
44536,06-08-2016,Gladys,Rim,9655421229,gladys.rim@rim.org,44536,322 New Horizon Blvd,322 New Horizon Blvd,Milwaukee,WI,Milwaukee,New Horizon Blvd,322,53207
57981,21-12-2016,Yuki,Whobrey,9907484239,yuki_whobrey@aol.com,57981,1 State Route 27,1 State Route 27,Wayne,MI,Taylor,State Route 27,1,48180
23657,30-07-2018,Fletcher,Flosi,9674109204,fletcher.flosi@yahoo.com,23657,394 Manchester Blvd,394 Manchester Blvd,Winnebago,IL,Rockford,Manchester Blvd,394,61109
67367,27-06-2016,Bette,Nicka,7510193492,bette_nicka@cox.net,67367,6 S 33rd St,6 S 33rd St,Delaware,PA,Aston,S 33rd St,6,19014
97231,13-01-2016,Veronika,Inouye,9396649083,vinouye@aol.com,97231,6 Greenleaf Ave,6 Greenleaf Ave,Santa Clara,CA,San Jose,Greenleaf Ave,6,95111
73503,14-09-2018,Willard,Kolmetz,7994687418,willard@hotmail.com,73503,618 W Yakima Ave,618 W Yakima Ave,Dallas,TX,Irving,W Yakima Ave,618,75062
84445,19-12-2018,Maryann,Royster,9117250432,mroyster@royster.com,84445,74 S Westgate St,74 S Westgate St,Albany,NY,Albany,S Westgate St,74,12204
29398,09-10-2016,Alisha,Slusarski,9657513115,alisha@slusarski.com,29398,3273 State St,3273 State St,Middlesex,NJ,Middlesex,State St,3273,8846
13839,16-10-2016,Allene,Iturbide,9823858386,allene_iturbide@cox.net,13839,1 Central Ave,1 Central Ave,Portage,WI,Stevens Point,Central Ave,1,54481
89436,09-04-2016,Chanel,Caudy,9537857653,chanel.caudy@caudy.org,89436,86 Nw 66th St #8673,86 Nw 66th St #8673,Johnson,KS,Shawnee,Nw 66th St,86,66218
74048,26-01-2016,Ezekiel,Chui,8727054402,ezekiel@chui.com,74048,2 Cedar Ave #84,2 Cedar Ave #84,Talbot,MD,Easton,Cedar Ave,2,21601
91804,20-02-2018,Willow,Kusko,9945700624,wkusko@yahoo.com,91804,90991 Thorburn Ave,90991 Thorburn Ave,New York,NY,New York,Thorburn Ave,90991,10011
90066,17-11-2018,Bernardo,Figeroa,9367212537,bfigeroa@aol.com,90066,386 9th Ave N,386 9th Ave N,Montgomery,TX,Conroe,9th Ave N,386,77301
56723,06-01-2016,Ammie,Corrio,8103318123,ammie@corrio.com,56723,74874 Atlantic Ave,74874 Atlantic Ave,Franklin,OH,Columbus,Atlantic Ave,74874,43215
71995,21-01-2016,Francine,Vocelka,8463916589,francine_vocelka@vocelka.com,71995,366 South Dr,366 South Dr,Dona Ana,NM,Las Cruces,South Dr,366,88011
97715,04-09-2016,Ernie,Stenseth,9541644686,ernie_stenseth@aol.com,97715,45 E Liberty St,45 E Liberty St,Bergen,NJ,Ridgefield Park,E Liberty St,45,7660
41307,01-07-2018,Albina,Glick,8884567105,albina@glick.com,41307,4 Ralph Ct,4 Ralph Ct,Middlesex,NJ,Dunellen,Ralph Ct,4,8812
34090,02-07-2018,Alishia,Sergi,8221049118,asergi@gmail.com,34090,2742 Distribution Way,2742 Distribution Way,New York,NY,New York,Distribution Way,2742,10025
37721,30-01-2017,Solange,Shinko,7706211877,solange@shinko.com,37721,426 Wolf St,426 Wolf St,Jefferson,LA,Metairie,Wolf St,426,70002
94164,27-01-2017,Jose,Stockham,9315732794,jose@yahoo.com,94164,128 Bransten Rd,128 Bransten Rd,New York,NY,New York,Bransten Rd,128,10011
57284,31-10-2017,Rozella,Ostrosky,9817184133,rozella.ostrosky@ostrosky.com,57284,17 Morena Blvd,17 Morena Blvd,Ventura,CA,Camarillo,Morena Blvd,17,93012
15544,12-12-2018,Valentine,Gillian,7383759977,valentine_gillian@gmail.com,15544,775 W 17th St,775 W 17th St,Bexar,TX,San Antonio,W 17th St,775,78204
38434,16-10-2018,Kati,Rulapaugh,8993029395,kati.rulapaugh@hotmail.com,38434,6980 Dorsett Rd,6980 Dorsett Rd,Dickinson,KS,Abilene,Dorsett Rd,6980,67410
31097,19-02-2016,Youlanda,Schemmer,8835585632,youlanda@aol.com,31097,2881 Lewis Rd,2881 Lewis Rd,Crook,OR,Prineville,Lewis Rd,2881,97754
14985,08-02-2016,Dyan,Oldroyd,7999888970,doldroyd@aol.com,14985,7219 Woodfield Rd,7219 Woodfield Rd,Johnson,KS,Overland Park,Woodfield Rd,7219,66204
62048,23-11-2017,Roxane,Campain,7894443318,roxane@hotmail.com,62048,1048 Main St,1048 Main St,Fairbanks North Star,AK,Fairbanks,Main St,1048,99708
60863,09-07-2018,Lavera,Perin,8382478641,lperin@perin.org,60863,678 3rd Ave,678 3rd Ave,Miami-Dade,FL,Miami,3rd Ave,678,33196
75587,28-01-2016,Erick,Ferencz,9979894808,erick.ferencz@aol.com,75587,20 S Babcock St,20 S Babcock St,Fairbanks North Star,AK,Fairbanks,S Babcock St,20,99712
81682,12-01-2018,Fatima,Saylors,9275686032,fsaylors@saylors.org,81682,2 Lighthouse Ave,2 Lighthouse Ave,Hennepin,MN,Hopkins,Lighthouse Ave,2,55343
80795,28-05-2016,Jina,Briddick,8922808787,jina_briddick@briddick.com,80795,38938 Park Blvd,38938 Park Blvd,Suffolk,MA,Boston,Park Blvd,38938,2128
46124,11-06-2017,Kanisha,Waycott,7270385539,kanisha_waycott@yahoo.com,46124,5 Tomahawk Dr,5 Tomahawk Dr,Los Angeles,CA,Los Angeles,Tomahawk Dr,5,90006
93513,19-10-2017,Emerson,Bowley,8575457136,emerson.bowley@bowley.org,93513,762 S Main St,762 S Main St,Dane,WI,Madison,S Main St,762,53711
15925,11-02-2016,Blair,Malet,8614467588,bmalet@yahoo.com,15925,209 Decker Dr,209 Decker Dr,Philadelphia,PA,Philadelphia,Decker Dr,209,19132
41173,12-06-2018,Brock,Bolognia,8771029002,bbolognia@yahoo.com,41173,4486 W O St,4486 W O St #1,New York,NY,New York,W O St,4486,10003
31113,22-01-2017,Lorrie,Nestle,9787466515,lnestle@hotmail.com,31113,39 S 7th St,39 S 7th St,Coffee,TN,Tullahoma,S 7th St,39,37388
21963,18-12-2017,Sabra,Uyetake,8828125852,sabra@uyetake.org,21963,98839 Hawthorne Blvd #6101,98839 Hawthorne Blvd #6101,Richland,SC,Columbia,Hawthorne Blvd,98839,29201
80797,23-04-2018,Marjory,Mastella,7481769873,mmastella@mastella.com,80797,71 San Mateo Ave,71 San Mateo Ave,Delaware,PA,Wayne,San Mateo Ave,71,19087
52076,15-09-2016,Karl,Klonowski,8254489464,karl_klonowski@yahoo.com,52076,76 Brooks St #9,76 Brooks St #9,Hunterdon,NJ,Flemington,Brooks St ,76,8822
47878,12-05-2017,Tonette,Wenner,8302618812,twenner@aol.com,47878,4545 Courthouse Rd,4545 Courthouse Rd,Nassau,NY,Westbury,4545 Courthouse Rd,4545,11590
28893,23-07-2016,Amber,Monarrez,8122300140,amber_monarrez@monarrez.org,28893,14288 Foster Ave #4121,14288 Foster Ave #4121,Montgomery,PA,Jenkintown,Foster Ave ,14288,19046
54363,13-09-2016,Shenika,Seewald,7297974754,shenika@gmail.com,54363,4 Otis St,4 Otis St,Los Angeles,CA,Van Nuys,Otis St,4,91405
75252,19-11-2017,Delmy,Ahle,8980476420,delmy.ahle@hotmail.com,75252,65895 S 16th St,65895 S 16th St,Providence,RI,Providence,S 16th St,65895,2909
91019,25-12-2017,Deeanna,Juhas,9289121251,deeanna_juhas@gmail.com,91019,14302 Pennsylvania Ave,14302 Pennsylvania Ave,Montgomery,PA,Huntingdon Valley,Pennsylvania Ave,14302,19006
14767,01-08-2018,Blondell,Pugh,8992128736,bpugh@aol.com,14767,201 Hawk Ct,201 Hawk Ct,Providence,RI,Providence,Hawk Ct,201,2904
99039,09-06-2018,Jamal,Vanausdal,9666718843,jamal@vanausdal.org,99039,53075 Sw 152nd Ter #615,53075 Sw 152nd Ter #615,Middlesex,NJ,Monroe Township,Sw 152nd Ter,53075,8831
67994,05-10-2016,Cecily,Hollack,8536351138,cecily@hollack.org,67994,59 N Groesbeck Hwy,59 N Groesbeck Hwy,Travis,TX,Austin,N Groesbeck Hwy,59,78731
49612,11-07-2016,Carmelina,Lindall,7405275808,carmelina_lindall@lindall.com,49612,2664 Lewis Rd,2664 Lewis Rd,Douglas,CO,Littleton,Lewis Rd,2664,80126
71978,04-04-2018,Maurine,Yglesias,8552788823,maurine_yglesias@yglesias.com,71978,59 Shady Ln #53,59 Shady Ln #53,Milwaukee,WI,Milwaukee,Shady Ln ,59,53214
54158,29-03-2017,Tawna,Buvens,8242966350,tawna@gmail.com,54158,3305 Nabell Ave #679,3305 Nabell Ave #679,New York,NY,New York,Nabell Ave ,3305,10009
20851,20-09-2018,Penney,Weight,7844036414,penney_weight@aol.com,20851,18 Fountain St,18 Fountain St,Anchorage,AK,Anchorage,Fountain St,18,99515
98843,04-11-2017,Elly,Morocco,9886648574,elly_morocco@gmail.com,98843,7 W 32nd St,7 W 32nd St,Erie,PA,Erie,W 32nd St,7,16502
60926,31-05-2017,Ilene,Eroman,9399252214,ilene.eroman@hotmail.com,60926,2853 S Central Expy,2853 S Central Expy,Anne Arundel,MD,Glen Burnie,S Central Expy,2853,21061
73167,13-08-2016,Vallie,Mondella,7491179221,vmondella@mondella.com,73167,74 W College St,74 W College St,Ada,ID,Boise,W College St,74,83707
39511,01-10-2016,Kallie,Blackwood,7749124664,kallie.blackwood@gmail.com,39511,701 S Harrison Rd,701 S Harrison Rd,San Francisco,CA,San Francisco,S Harrison Rd,701,94104
43010,11-12-2018,Johnetta,Abdallah,8830711354,johnetta_abdallah@aol.com,43010,1088 Pinehurst St,1088 Pinehurst St,Orange,NC,Chapel Hill,Pinehurst St,1088,27514
74330,17-02-2018,Bobbye,Rhym,9880145381,brhym@rhym.com,74330,30 W 80th St #1995,30 W 80th St #1995,San Mateo,CA,San Carlos,W 80th St,30,94070
75373,23-06-2016,Micaela,Rhymes,9527827991,micaela_rhymes@gmail.com,75373,20932 Hedley St,20932 Hedley St,Contra Costa,CA,Concord,Hedley St,20932,94520
40702,27-11-2018,Tamar,Hoogland,8349507467,tamar@hotmail.com,40702,2737 Pistorio Rd #9230,2737 Pistorio Rd #9230,Madison,OH,London,Pistorio Rd ,2737,43140
16239,09-02-2018,Moon,Parlato,7332640103,moon@yahoo.com,16239,74989 Brandon St,74989 Brandon St,Allegany,NY,Wellsville,Brandon St,74988,14895
26702,07-06-2018,Laurel,Reitler,7559235460,laurel_reitler@reitler.com,26702,6 Kains Ave,6 Kains Ave,Baltimore City,MD,Baltimore,Kains Ave,6,21215
14817,24-07-2017,Delisa,Crupi,8159380502,delisa.crupi@crupi.com,14817,47565 W Grand Ave,47565 W Grand Ave,Essex,NJ,Newark,W Grand Ave,47565,7105
61656,02-02-2018,Viva,Toelkes,8785173059,viva.toelkes@gmail.com,61656,4284 Dorigo Ln,4284 Dorigo Ln,Cook,IL,Chicago,Dorigo Ln,4284,60647
13727,15-04-2016,Elza,Lipke,8809292182,elza@yahoo.com,13727,6794 Lake Dr E,6794 Lake Dr E,Essex,NJ,Newark,Lake Dr E,6794,7104
36829,12-01-2016,Devorah,Chickering,7814630883,devorah@hotmail.com,36829,31 Douglas Blvd #950,31 Douglas Blvd #950,Curry,NM,Clovis,Douglas Blvd ,31,88101
70356,11-12-2018,Timothy,Mulqueen,8894396177,timothy_mulqueen@mulqueen.org,70356,44 W 4th St,44 W 4th St,Richmond,NY,Staten Island,W 4th St,44,10309
88415,05-12-2017,Arlette,Honeywell,7170930324,ahoneywell@honeywell.com,88415,11279 Loytan St,11279 Loytan St,Duval,FL,Jacksonville,Loytan St,11279,32254
67032,23-06-2016,Dominque,Dickerson,9619118825,dominque.dickerson@dickerson.org,67032,69 Marquette Ave,69 Marquette Ave,Alameda,CA,Hayward,Marquette Ave,69,94545
45761,14-12-2016,Lettie,Isenhower,8030702308,lettie_isenhower@yahoo.com,45761,70 W Main St,70 W Main St,Cuyahoga,OH,Beachwood,W Main St,70,44122
63630,02-08-2016,Myra,Munns,9768741596,mmunns@cox.net,63630,461 Prospect Pl #316,461 Prospect Pl #316,Tarrant,TX,Euless,Prospect Pl ,461,76040
44993,07-04-2018,Stephaine,Barfield,9657033767,stephaine@barfield.com,44993,47154 Whipple Ave Nw,47154 Whipple Ave Nw,Los Angeles,CA,Gardena,Whipple Ave Nw,47154,90247
60012,12-04-2016,Lai,Gato,9554015138,lai.gato@gato.org,60012,37 Alabama Ave,37 Alabama Ave,Cook,IL,Evanston,Alabama Ave,37,60201
50804,17-09-2016,Stephen,Emigh,9150443925,stephen_emigh@hotmail.com,50804,3777 E Richmond St #900,3777 E Richmond St #900,Summit,OH,Akron,E Richmond St ,3777,44302
20797,03-11-2016,Tyra,Shields,8232713223,tshields@gmail.com,20797,3 Fort Worth Ave,3 Fort Worth Ave,Philadelphia,PA,Philadelphia,Fort Worth Ave,3,19106
46255,11-02-2016,Tammara,Wardrip,9122669446,twardrip@cox.net,46255,4800 Black Horse Pike,4800 Black Horse Pike,San Mateo,CA,Burlingame,Black Horse Pike,4800,94010
35468,20-10-2018,Cory,Gibes,8853697483,cory.gibes@gmail.com,35468,83649 W Belmont Ave,83649 W Belmont Ave,Los Angeles,CA,San Gabriel,W Belmont Ave,83649,91776
60185,28-04-2017,Danica,Bruschke,8219435945,danica_bruschke@gmail.com,60185,840 15th Ave,840 15th Ave,McLennan,TX,Waco,15th Ave,840,76708
72263,08-01-2018,Wilda,Giguere,8595322330,wilda@cox.net,72263,1747 Calle Amanecer #2,1747 Calle Amanecer #2,Anchorage,AK,Anchorage,Calle Amanecer ,1747,99501
11885,22-08-2017,Elvera,Benimadho,8182158171,elvera.benimadho@cox.net,11885,99385 Charity St #840,99385 Charity St #840,Santa Clara,CA,San Jose,Charity St,99385,95110
63986,02-10-2017,Carma,Vanheusen,9398317853,carma@cox.net,63986,68556 Central Hwy,68556 Central Hwy,Alameda,CA,San Leandro,Central Hwy,68556,94577
82872,07-02-2018,Malinda,Hochard,8431190681,malinda.hochard@yahoo.com,82872,55 Riverside Ave,55 Riverside Ave,Marion,IN,Indianapolis,Riverside Ave,55,46202
17183,22-09-2017,Natalie,Fern,8054426974,natalie.fern@hotmail.com,17183,7140 University Ave,7140 University Ave,Sweetwater,WY,Rock Springs,University Ave,7140,82901
94701,21-04-2018,Lisha,Centini,7272514818,lisha@centini.org,94701,64 5th Ave #1153,64 5th Ave #1153,Fairfax,VA,Mc Lean,5th Ave ,64,22102
18056,12-08-2017,Arlene,Klusman,7129797258,arlene_klusman@gmail.com,18056,3 Secor Rd,3 Secor Rd,Orleans,LA,New Orleans,Secor Rd,3,70112
69012,10-08-2017,Alease,Buemi,7628769691,alease@buemi.com,69012,4 Webbs Chapel Rd,4 Webbs Chapel Rd,Boulder,CO,Boulder,Webbs Chapel Rd,4,80303
37558,06-07-2017,Louisa,Cronauer,8133750951,louisa@cronauer.com,37558,524 Louisiana Ave Nw,524 Louisiana Ave Nw,Alameda,CA,San Leandro,Louisiana Ave Nw,524,94577
74081,08-11-2018,Angella,Cetta,8241458853,angella.cetta@hotmail.com,74081,185 Blackstone Bldge,185 Blackstone Bldge,Honolulu,HI,Honolulu,Blackstone Bldge,185,96817
98485,16-04-2018,Cyndy,Goldammer,8357547845,cgoldammer@cox.net,98485,170 Wyoming Ave,170 Wyoming Ave,Dakota,MN,Burnsville,Wyoming Ave,170,55337
97349,17-02-2018,Rosio,Cork,7811375312,rosio.cork@gmail.com,97349,4 10th St W,4 10th St W,Guilford,NC,High Point,10th St W,4,27263
59780,11-12-2016,Celeste,Korando,7904800742,ckorando@hotmail.com,59780,7 W Pinhook Rd,7 W Pinhook Rd,Nassau,NY,Lynbrook,W Pinhook Rd,7,11563
53812,24-11-2016,Twana,Felger,7329620936,twana.felger@felger.org,53812,1 Commerce Way,1 Commerce Way,Washington,OR,Portland,Commerce Way,1,97224
15626,28-07-2018,Estrella,Samu,8383909431,estrella@aol.com,15626,64 Lakeview Ave,64 Lakeview Ave,Rock,WI,Beloit,Lakeview Ave,64,53511
10301,17-01-2016,Donte,Kines,7466822836,dkines@hotmail.com,10301,3 Aspen St,3 Aspen St,Worcester,MA,Worcester,Aspen St,3,1602
24770,18-01-2018,Tiffiny,Steffensmeier,9966205874,tiffiny_steffensmeier@cox.net,24770,32860 Sierra Rd,32860 Sierra Rd,Miami-Dade,FL,Miami,Sierra Rd,32860,33133
41539,23-12-2017,Edna,Miceli,8717454234,emiceli@miceli.org,41539,555 Main St,555 Main St,Erie,PA,Erie,Main St,555,16502
83197,22-12-2016,Sue,Kownacki,8307702256,sue@aol.com,83197,2 Se 3rd Ave,2 Se 3rd Ave,Dallas,TX,Mesquite,Se 3rd Ave,2,75149
67218,30-01-2018,Jesusa,Shin,9795350406,jshin@shin.com,67218,2239 Shawnee Mission Pky,2239 Shawnee Mission Pky,Coffee,TN,Tullahoma,Shawnee Mission Pky,2239,37388
81312,09-02-2018,Rolland,Francescon,8049901073,rolland@cox.net,81312,2726 Charcot Ave,2726 Charcot Ave,Passaic,NJ,Paterson,Charcot Ave,2726,7501
23092,14-03-2018,Pamella,Schmierer,9396987162,pamella.schmierer@schmierer.org,23092,5161 Dorsett Rd,5161 Dorsett Rd,Miami-Dade,FL,Homestead,Dorsett Rd,5161,33030
92559,27-12-2016,Glory,Kulzer,8352225326,gkulzer@kulzer.org,92559,55892 Jacksonville Rd,55892 Jacksonville Rd,Baltimore,MD,Owings Mills,Jacksonville Rd,55892,21117
36996,05-05-2017,Shawna,Palaspas,8430911744,shawna_palaspas@palaspas.org,36996,5 N Cleveland Massillon Rd,5 N Cleveland Massillon Rd,Ventura,CA,Thousand Oaks,N Cleveland Massillon Rd,5,91362
57187,21-06-2017,Brandon,Callaro,7341725643,brandon_callaro@hotmail.com,57187,7 Benton Dr,7 Benton Dr,Honolulu,HI,Honolulu,Benton Dr,7,96819
71517,24-04-2017,Scarlet,Cartan,8336643784,scarlet.cartan@yahoo.com,71517,9390 S Howell Ave,9390 S Howell Ave,Dougherty,GA,Albany,S Howell Ave,9390,31701
92406,10-03-2016,Oretha,Menter,8798925140,oretha_menter@yahoo.com,92406,8 County Center Dr #647,8 County Center Dr #647,Suffolk,MA,Boston,County Center Dr,8,2210
96279,29-04-2017,Ty,Smith,9551649475,tsmith@aol.com,96279,4646 Kaahumanu St,4646 Kaahumanu St,Bergen,NJ,Hackensack,Kaahumanu St,4646,7601
60857,29-04-2018,Xuan,Rochin,8824547528,xuan@gmail.com,60857,2 Monroe St,2 Monroe St,San Mateo,CA,San Mateo,Monroe St,2,94403
10714,22-07-2016,Lindsey,Dilello,8719933552,lindsey.dilello@hotmail.com,10714,52777 Leaders Heights Rd,52777 Leaders Heights Rd,San Bernardino,CA,Ontario,Leaders Heights Rd,52777,91761
15955,21-04-2017,Devora,Perez,7703229735,devora_perez@perez.org,15955,72868 Blackington Ave,72868 Blackington Ave,Alameda,CA,Oakland,Blackington Ave,72868,94606
71351,13-07-2016,Herman,Demesa,8256631138,hdemesa@cox.net,71351,9 Norristown Rd,9 Norristown Rd,Rensselaer,NY,Troy,Norristown Rd,9,12180
78633,15-04-2018,Rory,Papasergi,9600102868,rpapasergi@cox.net,78633,83 County Road 437 #8581,83 County Road 437 #8581,Lackawanna,PA,Clarks Summit,County Road 437 ,83,18411
21261,25-07-2018,Talia,Riopelle,8154184475,talia_riopelle@aol.com,21261,1 N Harlem Ave #9,1 N Harlem Ave #9,Essex,NJ,Orange,N Harlem Ave,1,7050
96262,30-11-2017,Van,Shire,7243374595,van.shire@shire.com,96262,90131 J St,90131 J St,Hunterdon,NJ,Pittstown,J St,90131,8867
54682,04-03-2018,Lucina,Lary,9982438921,lucina_lary@cox.net,54682,8597 W National Ave,8597 W National Ave,Brevard,FL,Cocoa,W National Ave,8597,32922
13286,13-10-2018,Bok,Isaacs,7779921425,bok.isaacs@aol.com,13286,6 Gilson St,6 Gilson St,Bronx,NY,Bronx,Gilson St,6,10468
26245,09-05-2018,Rolande,Spickerman,9221677255,rolande.spickerman@spickerman.com,26245,65 W Maple Ave,65 W Maple Ave,Honolulu,HI,Pearl City,W Maple Ave,65,96782
18366,01-09-2016,Howard,Paulas,7593018127,hpaulas@gmail.com,18366,866 34th Ave,866 34th Ave,Denver,CO,Denver,34th Ave,866,80231
75814,31-08-2016,Kimbery,Madarang,7973525594,kimbery_madarang@cox.net,75814,798 Lund Farm Way,798 Lund Farm Way,Morris,NJ,Rockaway,Lund Farm Way,798,7866
44370,11-01-2018,Thurman,Manno,7129564177,thurman.manno@yahoo.com,44370,9387 Charcot Ave,9387 Charcot Ave,Atlantic,NJ,Absecon,Charcot Ave,9387,8201
14406,30-11-2016,Becky,Mirafuentes,9721618257,becky.mirafuentes@mirafuentes.com,14406,30553 Washington Rd,30553 Washington Rd,Union,NJ,Plainfield,Washington Rd,30553,7062
32880,11-07-2018,Beatriz,Corrington,7591057407,beatriz@yahoo.com,32880,481 W Lemon St,481 W Lemon St,Plymouth,MA,Middleboro,W Lemon St,481,2346
91338,10-12-2017,Marti,Maybury,7637577626,marti.maybury@yahoo.com,91338,4 Warehouse Point Rd #7,4 Warehouse Point Rd #7,Cook,IL,Chicago,Warehouse Point Rd,4,60638
78341,12-04-2017,Nieves,Gotter,8519244404,nieves_gotter@gmail.com,78341,4940 Pulaski Park Dr,4940 Pulaski Park Dr,Multnomah,OR,Portland,Pulaski Park Dr,4940,97202
84739,27-07-2016,Leatha,Hagele,8782338555,lhagele@cox.net,84739,627 Walford Ave,627 Walford Ave,Dallas,TX,Dallas,Walford Ave,627,75227
83132,25-02-2017,Valentin,Klimek,8130002520,vklimek@klimek.org,83132,137 Pioneer Way,137 Pioneer Way,Cook,IL,Chicago,Pioneer Way,137,60604
26597,31-05-2017,Melissa,Wiklund,7981556310,melissa@cox.net,26597,61 13 Stoneridge #835,61 13 Stoneridge #835,Hancock,OH,Findlay,13 Stoneridge ,61,45840
24497,18-04-2017,Sheridan,Zane,9709814613,sheridan.zane@zane.com,24497,2409 Alabama Rd,2409 Alabama Rd,Riverside,CA,Riverside,Alabama Rd,2409,92501
79164,04-06-2016,Bulah,Padilla,9309319747,bulah_padilla@hotmail.com,79164,8927 Vandever Ave,8927 Vandever Ave,McLennan,TX,Waco,Vandever Ave,8927,76707
35099,07-07-2017,Audra,Kohnert,9170859985,audra@kohnert.com,35099,134 Lewis Rd,134 Lewis Rd,Davidson,TN,Nashville,Lewis Rd,134,37211
29073,10-08-2018,Daren,Weirather,7563782572,dweirather@aol.com,29073,9 N College Ave #3,9 N College Ave #3,Milwaukee,WI,Milwaukee,N College Ave ,9,53216
58665,18-10-2018,Fernanda,Jillson,7132299179,fjillson@aol.com,58665,60480 Old Us Highway 51,60480 Old Us Highway 51,Caroline,MD,Preston,Old Us Highway 51,60480,21655
86346,15-07-2018,Gearldine,Gellinger,9252422541,gearldine_gellinger@gellinger.com,86346,4 Bloomfield Ave,4 Bloomfield Ave,Dallas,TX,Irving,Bloomfield Ave,4,75061
39696,08-10-2016,Chau,Kitzman,8726802124,chau@gmail.com,39696,429 Tiger Ln,429 Tiger Ln,Los Angeles,CA,Beverly Hills,Tiger Ln,429,90212
24748,15-02-2016,Theola,Frey,9622568759,theola_frey@frey.com,24748,54169 N Main St,54169 N Main St,Nassau,NY,Massapequa,N Main St,54169,11758
81025,12-04-2016,Cheryl,Haroldson,9198638639,cheryl@haroldson.org,81025,92 Main St,92 Main St,Atlantic,NJ,Atlantic City,Main St,92,8401
65201,30-01-2017,Laticia,Merced,8672539034,lmerced@gmail.com,65201,72 Mannix Dr,72 Mannix Dr,Hamilton,OH,Cincinnati,Mannix Dr,72,45203
97892,14-03-2016,Carissa,Batman,7646644167,carissa.batman@yahoo.com,97892,12270 Caton Center Dr,12270 Caton Center Dr,Lane,OR,Eugene,Caton Center Dr,12270,97401
69823,21-05-2018,Lezlie,Craghead,9039326543,lezlie.craghead@craghead.org,69823,749 W 18th St #45,749 W 18th St #45,Johnston,NC,Smithfield,W 18th St ,749,27577
48192,11-01-2018,Ozell,Shealy,8980617330,oshealy@hotmail.com,48192,8 Industry Ln,8 Industry Ln,New York,NY,New York,Industry Ln,8,10002
15503,12-09-2017,Arminda,Parvis,7826873709,arminda@parvis.com,15503,1 Huntwood Ave,1 Huntwood Ave,Maricopa,AZ,Phoenix,Huntwood Ave,1,85017
36048,10-12-2018,Reita,Leto,9492874476,reita.leto@gmail.com,36048,55262 N French Rd,55262 N French Rd,Marion,IN,Indianapolis,N French Rd,55262,46240
